Byte_Position,Bit_1_Count,Bit_0_Count
0,3067,5125
1024,3753,4439
2048,4020,4172
3072,4014,4178
4096,4031,4161
5120,3957,4235
6144,4089,4103
7168,4107,4085
8192,3982,4210
9216,4104,4088
10240,4061,4131
11264,4149,4043
12288,3975,4217
13312,3822,4370
14336,4047,4145
15360,4024,4168
16384,4098,4094
17408,4080,4112
18432,3975,4217
19456,3855,4337
20480,6169,2023
21504,8192,0
22528,8192,0
23552,4673,3519
24576,4092,4100
25600,3985,4207
26624,4036,4156
27648,4084,4108
28672,7171,1021
29696,8192,0
30720,8192,0
31744,8192,0
32768,8192,0
33792,7112,1080
34816,4068,4124
35840,4115,4077
36864,4019,4173
37888,4018,4174
38912,4071,4121
39936,4873,3319
40960,8192,0
41984,8192,0
43008,8192,0
44032,8192,0
45056,7142,1050
46080,3877,4315
47104,6538,1654
48128,8192,0
49152,8192,0
50176,8192,0
51200,8192,0
52224,8192,0
53248,8192,0
54272,8192,0
55296,8192,0
56320,5375,2817
57344,4038,4154
58368,4020,4172
59392,4084,4108
60416,4061,4131
61440,4009,4183
62464,4064,4128
63488,4098,4094
64512,6511,1681
65536,8192,0
66560,8192,0
67584,5215,2977
68608,3985,4207
69632,8192,0
70656,8192,0
71680,8192,0
72704,8192,0
73728,8192,0
74752,8192,0
75776,8192,0
76800,8192,0
77824,7632,560
78848,3424,4768
79872,8192,0
80896,8192,0
81920,8192,0
82944,8192,0
83968,8192,0
84992,8192,0
86016,8192,0
87040,8192,0
88064,8192,0
89088,7743,449
90112,4957,3235
91136,8192,0
92160,8192,0
93184,8192,0
94208,8192,0
95232,8192,0
96256,8192,0
97280,8192,0
98304,8192,0
99328,8192,0
100352,7776,416
101376,4055,4137
102400,4084,4108
103424,4185,4007
104448,3996,4196
105472,3976,4216
106496,3973,4219
107520,4475,3717
108544,8192,0
109568,8192,0
110592,8192,0
111616,6148,2044
112640,4035,4157
113664,4091,4101
114688,4076,4116
115712,4112,4080
116736,4111,4081
117760,4043,4149
118784,4151,4041
119808,4028,4164
120832,4992,3200
121856,8192,0
122880,6058,2134
123904,3866,4326
124928,7211,981
125952,8192,0
126976,8192,0
128000,8192,0
129024,8192,0
130048,8192,0
131072,8192,0
132096,8192,0
133120,8192,0
134144,4664,3528
135168,6306,1886
136192,8192,0
137216,8192,0
138240,8192,0
139264,8192,0
140288,8192,0
141312,8192,0
142336,8192,0
143360,8192,0
144384,8192,0
145408,6066,2126
146432,8192,0
147456,8192,0
148480,8192,0
149504,8192,0
150528,8192,0
151552,8192,0
152576,8192,0
153600,8192,0
154624,8192,0
155648,7336,856
156672,3982,4210
157696,4104,4088
158720,4046,4146
159744,4018,4174
160768,4082,4110
161792,4004,4188
162816,3949,4243
163840,4068,4124
164864,4087,4105
165888,7770,422
166912,7325,867
167936,3935,4257
168960,3977,4215
169984,4087,4105
171008,4042,4150
172032,4434,3758
173056,8192,0
174080,8192,0
175104,8192,0
176128,8192,0
177152,8192,0
178176,5739,2453
179200,3850,4342
180224,5999,2193
181248,8192,0
182272,8192,0
183296,8192,0
184320,8192,0
185344,8192,0
186368,8192,0
187392,8192,0
188416,8192,0
189440,5809,2383
190464,4019,4173
191488,4017,4175
192512,4118,4074
193536,4042,4150
194560,4043,4149
195584,4060,4132
196608,4092,4100
197632,5809,2383
198656,8192,0
199680,8192,0
200704,6028,2164
201728,3862,4330
202752,7331,861
203776,8192,0
204800,8192,0
205824,8192,0
206848,8192,0
207872,8192,0
208896,8192,0
209920,8192,0
210944,8192,0
211968,4528,3664
212992,4042,4150
214016,4101,4091
215040,4096,4096
216064,4081,4111
217088,4051,4141
218112,4081,4111
219136,5186,3006
220160,8192,0
221184,8192,0
222208,8192,0
223232,4341,3851
224256,4145,4047
225280,4045,4147
226304,4149,4043
227328,4050,4142
228352,4067,4125
229376,4158,4034
230400,4084,4108
231424,4053,4139
232448,4096,4096
233472,5323,2869
234496,4022,4170
235520,4631,3561
236544,8192,0
237568,8192,0
238592,8192,0
239616,8192,0
240640,8192,0
241664,8192,0
242688,8192,0
243712,8192,0
244736,7041,1151
245760,4068,4124
246784,4179,4013
247808,4106,4086
248832,4146,4046
249856,4005,4187
250880,3954,4238
251904,4061,4131
252928,4099,4093
253952,4174,4018
254976,3981,4211
256000,4072,4120
257024,3887,4305
258048,5384,2808
259072,8192,0
260096,8192,0
261120,8192,0
262144,8192,0
263168,8192,0
264192,8192,0
265216,8192,0
266240,8192,0
267264,5394,2798
268288,4012,4180
269312,4000,4192
270336,4081,4111
271360,4049,4143
272384,4071,4121
273408,4165,4027
274432,4005,4187
275456,4219,3973
276480,8192,0
277504,8192,0
278528,5755,2437
279552,4048,4144
280576,4081,4111
281600,4174,4018
282624,5204,2988
283648,8192,0
284672,8192,0
285696,8192,0
286720,8192,0
287744,8192,0
288768,8098,94
289792,4003,4189
290816,3806,4386
291840,7663,529
292864,8192,0
293888,8192,0
294912,8192,0
295936,8192,0
296960,8192,0
297984,8192,0
299008,8192,0
300032,8192,0
301056,4074,4118
302080,4061,4131
303104,4049,4143
304128,4100,4092
305152,4046,4146
306176,6780,1412
307200,8192,0
308224,8192,0
309248,8192,0
310272,8192,0
311296,6447,1745
312320,3902,4290
313344,4934,3258
314368,8192,0
315392,8192,0
316416,8192,0
317440,8192,0
318464,8192,0
319488,8192,0
320512,8192,0
321536,8192,0
322560,6747,1445
323584,4066,4126
324608,4133,4059
325632,4045,4147
326656,6624,1568
327680,8192,0
328704,8192,0
329728,8192,0
330752,8192,0
331776,8192,0
332800,8192,0
333824,5020,3172
334848,3866,4326
335872,6539,1653
336896,8192,0
337920,8192,0
338944,8192,0
339968,8192,0
340992,8192,0
342016,8192,0
343040,8192,0
344064,8192,0
345088,4467,3725
346112,8105,87
347136,8192,0
348160,8192,0
349184,8192,0
350208,8192,0
351232,8192,0
352256,8192,0
353280,8192,0
354304,8192,0
355328,7706,486
356352,3922,4270
357376,4144,4048
358400,4186,4006
359424,4139,4053
360448,4096,4096
361472,4403,3789
362496,8192,0
363520,8192,0
364544,8192,0
365568,8192,0
366592,7904,288
367616,4086,4106
368640,4047,4145
369664,4179,4013
370688,4100,4092
371712,4148,4044
372736,4000,4192
373760,3967,4225
374784,4052,4140
375808,4070,4122
376832,4088,4104
377856,4125,4067
378880,3961,4231
379904,4085,4107
380928,4167,4025
381952,3950,4242
382976,5949,2243
384000,8192,0
385024,8192,0
386048,8192,0
387072,8192,0
388096,8192,0
389120,6285,1907
390144,3856,4336
391168,5467,2725
392192,8192,0
393216,8192,0
394240,8192,0
395264,8192,0
396288,8192,0
397312,8192,0
398336,8192,0
399360,8192,0
400384,6328,1864
401408,6243,1949
402432,8192,0
403456,8192,0
404480,8192,0
405504,8192,0
406528,8192,0
407552,8192,0
408576,8192,0
409600,8192,0
410624,8192,0
411648,4620,3572
412672,7683,509
413696,8192,0
414720,8192,0
415744,8192,0
416768,8192,0
417792,8192,0
418816,8192,0
419840,8192,0
420864,8192,0
421888,8192,0
422912,4927,3265
423936,4015,4177
424960,4131,4061
425984,4073,4119
427008,4038,4154
428032,4066,4126
429056,4087,4105
430080,4011,4181
431104,4094,4098
432128,4168,4024
433152,3998,4194
434176,4055,4137
435200,4083,4109
436224,4103,4089
437248,4084,4108
438272,6924,1268
439296,8192,0
440320,8192,0
441344,8192,0
442368,8192,0
443392,8192,0
444416,7434,758
445440,4039,4153
446464,4114,4078
447488,8192,0
448512,8192,0
449536,8192,0
450560,8192,0
451584,8192,0
452608,8192,0
453632,8192,0
454656,8192,0
455680,7679,513
456704,4156,4036
457728,4064,4128
458752,4090,4102
459776,4124,4068
460800,8192,0
461824,8192,0
462848,8192,0
463872,8192,0
464896,8192,0
465920,8192,0
466944,6017,2175
467968,3906,4286
468992,5602,2590
470016,8192,0
471040,8192,0
472064,8192,0
473088,8192,0
474112,8192,0
475136,8192,0
476160,8192,0
477184,8192,0
478208,6130,2062
479232,4106,4086
480256,4148,4044
481280,4054,4138
482304,3954,4238
483328,4832,3360
484352,8192,0
485376,8192,0
486400,8192,0
487424,8192,0
488448,8192,0
489472,4434,3758
490496,4071,4121
491520,4062,4130
492544,4078,4114
493568,4035,4157
494592,7054,1138
495616,8192,0
496640,8192,0
497664,8192,0
498688,8192,0
499712,8192,0
500736,4393,3799
501760,4742,3450
502784,8192,0
503808,8192,0
504832,8192,0
505856,8192,0
506880,8192,0
507904,8192,0
508928,8192,0
509952,8192,0
510976,6946,1246
512000,3962,4230
513024,4064,4128
514048,4120,4072
515072,4150,4042
516096,4051,4141
517120,4132,4060
518144,4055,4137
519168,7640,552
520192,8192,0
521216,8192,0
522240,7229,963
523264,3861,4331
524288,6207,1985
525312,8192,0
526336,8192,0
527360,8192,0
528384,8192,0
529408,8192,0
530432,8192,0
531456,8192,0
532480,8192,0
533504,5522,2670
534528,5446,2746
535552,8192,0
536576,8192,0
537600,8192,0
538624,8192,0
539648,8192,0
540672,8192,0
541696,8192,0
542720,8192,0
543744,8192,0
544768,5469,2723
545792,4100,4092
546816,4061,4131
547840,4036,4156
548864,4147,4045
549888,4123,4069
550912,4088,4104
551936,4100,4092
552960,4055,4137
553984,5744,2448
555008,8192,0
556032,5707,2485
557056,4085,4107
558080,4179,4013
559104,4078,4114
560128,4137,4055
561152,4023,4169
562176,4045,4147
563200,4014,4178
564224,4014,4178
565248,4023,4169
566272,4054,4138
567296,3964,4228
568320,4058,4134
569344,4017,4175
570368,3986,4206
571392,4136,4056
572416,4171,4021
573440,4024,4168
574464,4127,4065
575488,4037,4155
576512,3935,4257
577536,4040,4152
578560,4097,4095
579584,4015,4177
580608,4068,4124
581632,4076,4116
582656,4098,4094
583680,4113,4079
584704,4135,4057
585728,4133,4059
586752,4086,4106
587776,4184,4008
588800,3998,4194
589824,4072,4120
590848,4123,4069
591872,4095,4097
592896,3868,4324
593920,3794,4398
594944,4085,4107
595968,4115,4077
596992,4214,3978
598016,4038,4154
599040,4109,4083
600064,4069,4123
601088,4090,4102
602112,4049,4143
603136,4088,4104
604160,3846,4346
605184,6771,1421
606208,8192,0
607232,8192,0
608256,8192,0
609280,8192,0
610304,8192,0
611328,5088,3104
612352,4090,4102
613376,4086,4106
614400,4088,4104
615424,4048,4144
616448,4169,4023
617472,4058,4134
618496,4131,4061
619520,4164,4028
620544,4077,4115
621568,4111,4081
622592,4068,4124
623616,4124,4068
624640,4071,4121
625664,4086,4106
626688,4126,4066
627712,4143,4049
628736,4143,4049
629760,4007,4185
630784,4071,4121
631808,4056,4136
632832,4106,4086
633856,4146,4046
634880,4106,4086
635904,4049,4143
636928,3812,4380
637952,5680,2512
638976,8192,0
640000,8192,0
641024,8192,0
642048,8192,0
643072,8192,0
644096,7954,238
645120,3956,4236
646144,4145,4047
647168,4068,4124
648192,4142,4050
649216,4111,4081
650240,5440,2752
651264,8192,0
652288,8192,0
653312,8192,0
654336,8192,0
655360,8122,70
656384,3945,4247
657408,5293,2899
658432,8192,0
659456,8192,0
660480,8192,0
661504,8192,0
662528,8192,0
663552,8192,0
664576,8192,0
665600,8192,0
666624,6335,1857
667648,4587,3605
668672,8192,0
669696,8192,0
670720,8192,0
671744,8192,0
672768,8192,0
673792,8192,0
674816,8192,0
675840,8192,0
676864,8192,0
677888,6395,1797
678912,7721,471
679936,8192,0
680960,8192,0
681984,8192,0
683008,8192,0
684032,8192,0
685056,8192,0
686080,8192,0
687104,8192,0
688128,8192,0
689152,4890,3302
690176,3959,4233
691200,4040,4152
692224,4105,4087
693248,4138,4054
694272,4000,4192
695296,4067,4125
696320,4064,4128
697344,4096,4096
698368,6883,1309
699392,8192,0
700416,4932,3260
701440,4139,4053
702464,4055,4137
703488,4139,4053
704512,4021,4171
705536,4029,4163
706560,4056,4136
707584,3950,4242
708608,5589,2603
709632,8192,0
710656,7396,796
711680,3872,4320
712704,4021,4171
713728,8192,0
714752,8192,0
715776,8192,0
716800,8192,0
717824,8192,0
718848,8192,0
719872,8192,0
720896,8192,0
721920,7693,499
722944,4012,4180
723968,4099,4093
724992,4194,3998
726016,4101,4091
727040,4087,4105
728064,4068,4124
729088,3970,4222
730112,4070,4122
731136,4136,4056
732160,4106,4086
733184,4172,4020
734208,4147,4045
735232,4085,4107
736256,4111,4081
737280,4084,4108
738304,4077,4115
739328,3966,4226
740352,4548,3644
741376,8192,0
742400,8192,0
743424,8192,0
744448,5930,2262
745472,4004,4188
746496,4081,4111
747520,3986,4206
748544,4104,4088
749568,4171,4021
750592,4076,4116
751616,4147,4045
752640,4122,4070
753664,4100,4092
754688,4171,4021
755712,4069,4123
756736,4121,4071
757760,4170,4022
758784,4143,4049
759808,4132,4060
760832,4043,4149
761856,4034,4158
762880,4004,4188
763904,4064,4128
764928,4160,4032
765952,4160,4032
766976,4050,4142
768000,4070,4122
769024,4104,4088
770048,4115,4077
771072,4137,4055
772096,4137,4055
773120,4064,4128
774144,4048,4144
775168,4123,4069
776192,4104,4088
777216,3909,4283
778240,3842,4350
779264,3845,4347
780288,4073,4119
781312,4174,4018
782336,4164,4028
783360,4157,4035
784384,4197,3995
785408,4068,4124
786432,4039,4153
787456,3987,4205
788480,4176,4016
789504,4122,4070
790528,4120,4072
791552,4095,4097
792576,4134,4058
793600,3886,4306
794624,3846,4346
795648,7029,1163
796672,8192,0
797696,8192,0
798720,8192,0
799744,7380,812
800768,4008,4184
801792,4113,4079
802816,4124,4068
803840,4082,4110
804864,4156,4036
805888,4099,4093
806912,4099,4093
807936,4157,4035
808960,3984,4208
809984,4089,4103
811008,4088,4104
812032,4055,4137
813056,4045,4147
814080,4098,4094
815104,4061,4131
816128,4088,4104
817152,4076,4116
818176,4005,4187
819200,4093,4099
820224,4091,4101
821248,4083,4109
822272,4038,4154
823296,4118,4074
824320,4116,4076
825344,4134,4058
826368,4158,4034
827392,4172,4020
828416,4098,4094
829440,4087,4105
830464,4111,4081
831488,4152,4040
832512,4049,4143
833536,4100,4092
834560,4114,4078
835584,3941,4251
836608,3869,4323
837632,4136,4056
838656,4132,4060
839680,4054,4138
840704,4022,4170
841728,4034,4158
842752,4136,4056
843776,4058,4134
844800,4113,4079
845824,4027,4165
846848,4009,4183
847872,3952,4240
848896,4267,3925
849920,8192,0
850944,8192,0
851968,8192,0
852992,8192,0
854016,8192,0
855040,8192,0
856064,4248,3944
857088,4089,4103
858112,4064,4128
859136,4015,4177
860160,4234,3958
861184,4101,4091
862208,4054,4138
863232,4053,4139
864256,4069,4123
865280,4102,4090
866304,4131,4061
867328,4070,4122
868352,4099,4093
869376,4128,4064
870400,4086,4106
871424,4075,4117
872448,4003,4189
873472,3811,4381
874496,8192,0
875520,8192,0
876544,8192,0
877568,6872,1320
878592,4081,4111
879616,4079,4113
880640,4074,4118
881664,4110,4082
882688,4090,4102
883712,4115,4077
884736,4114,4078
885760,4109,4083
886784,4089,4103
887808,4087,4105
888832,4023,4169
889856,4069,4123
890880,4120,4072
891904,4062,4130
892928,4091,4101
893952,4116,4076
894976,4053,4139
896000,4074,4118
897024,4033,4159
898048,4178,4014
899072,4104,4088
900096,4129,4063
901120,4129,4063
902144,4161,4031
903168,4171,4021
904192,4014,4178
905216,3897,4295
906240,5190,3002
907264,8192,0
908288,8192,0
909312,8192,0
910336,8192,0
911360,5495,2697
912384,4125,4067
913408,3999,4193
914432,4108,4084
915456,3988,4204
916480,4112,4080
917504,4107,4085
918528,4088,4104
919552,4094,4098
920576,4129,4063
921600,4048,4144
922624,3990,4202
923648,3885,4307
924672,6540,1652
925696,8192,0
926720,8192,0
927744,8192,0
928768,8192,0
929792,8192,0
930816,8192,0
931840,8192,0
932864,8192,0
933888,4016,4176
934912,4080,4112
935936,4114,4078
936960,4152,4040
937984,3988,4204
939008,4148,4044
940032,4128,4064
941056,4006,4186
942080,4041,4151
943104,4041,4151
944128,4085,4107
945152,4108,4084
946176,4075,4117
947200,4011,4181
948224,3979,4213
949248,4109,4083
950272,4134,4058
951296,4151,4041
952320,4185,4007
953344,4066,4126
954368,4137,4055
955392,4108,4084
956416,4173,4019
957440,3995,4197
958464,3997,4195
959488,4087,4105
960512,4142,4050
961536,4156,4036
962560,3917,4275
963584,5365,2827
964608,8192,0
965632,8192,0
966656,4866,3326
967680,5913,2279
968704,8192,0
969728,8192,0
970752,8192,0
971776,8192,0
972800,8192,0
973824,8192,0
974848,8192,0
975872,8192,0
976896,8192,0
977920,5097,3095
978944,7513,679
979968,8192,0
980992,8192,0
982016,8192,0
983040,8192,0
984064,8192,0
985088,8192,0
986112,8192,0
987136,8192,0
988160,8192,0
989184,5036,3156
990208,4068,4124
991232,4076,4116
992256,4124,4068
993280,4095,4097
994304,4084,4108
995328,4027,4165
996352,3986,4206
997376,4066,4126
998400,3956,4236
999424,4058,4134
1000448,4008,4184
1001472,4095,4097
1002496,4110,4082
1003520,4056,4136
1004544,4050,4142
1005568,4126,4066
1006592,4177,4015
1007616,4137,4055
1008640,4181,4011
1009664,3990,4202
1010688,4144,4048
1011712,4048,4144
1012736,4064,4128
1013760,4059,4133
1014784,4098,4094
1015808,4066,4126
1016832,4153,4039
1017856,3998,4194
1018880,3910,4282
1019904,8192,0
1020928,8192,0
1021952,6140,2052
1022976,4113,4079
1024000,4068,4124
1025024,4081,4111
1026048,4196,3996
1027072,3960,4232
1028096,4038,4154
1029120,4119,4073
1030144,4134,4058
1031168,4163,4029
1032192,4061,4131
1033216,4093,4099
1034240,4157,4035
1035264,4101,4091
1036288,4103,4089
1037312,4130,4062
1038336,3953,4239
1039360,5520,2672
1040384,8192,0
1041408,8192,0
1042432,8192,0
1043456,8192,0
1044480,4507,3685
1045504,4042,4150
1046528,4109,4083
1047552,4119,4073
1048576,4148,4044
1049600,4165,4027
1050624,4105,4087
1051648,4092,4100
1052672,4140,4052
1053696,4086,4106
1054720,4106,4086
1055744,4062,4130
1056768,4145,4047
1057792,4053,4139
1058816,4040,4152
1059840,4129,4063
1060864,3972,4220
1061888,4145,4047
1062912,4091,4101
1063936,4113,4079
1064960,4050,4142
1065984,4024,4168
1067008,4210,3982
1068032,4136,4056
1069056,4144,4048
1070080,4079,4113
1071104,4028,4164
1072128,4040,4152
1073152,3990,4202
1074176,5386,2806
1075200,8192,0
1076224,8192,0
1077248,7388,804
1078272,3990,4202
1079296,4126,4066
1080320,4124,4068
1081344,4102,4090
1082368,4098,4094
1083392,4026,4166
1084416,4050,4142
1085440,4118,4074
1086464,4198,3994
1087488,3976,4216
1088512,4041,4151
1089536,4086,4106
1090560,4137,4055
1091584,4045,4147
1092608,3876,4316
1093632,6176,2016
1094656,8192,0
1095680,8192,0
1096704,8192,0
1097728,8192,0
1098752,8192,0
1099776,5803,2389
1100800,4067,4125
1101824,4140,4052
1102848,4051,4141
1103872,4158,4034
1104896,4159,4033
1105920,4003,4189
1106944,4157,4035
1107968,4066,4126
1108992,4110,4082
1110016,4186,4006
1111040,4060,4132
1112064,4022,4170
1113088,4031,4161
1114112,4036,4156
1115136,4165,4027
1116160,4191,4001
1117184,4186,4006
1118208,4117,4075
1119232,3922,4270
1120256,4117,4075
1121280,8192,0
1122304,4160,4032
1123328,4138,4054
1124352,4029,4163
1125376,4111,4081
1126400,4070,4122
1127424,4074,4118
1128448,4128,4064
1129472,4028,4164
1130496,4149,4043
1131520,4050,4142
1132544,4062,4130
1133568,4140,4052
1134592,4066,4126
1135616,4093,4099
1136640,4079,4113
1137664,4132,4060
1138688,4123,4069
1139712,4210,3982
1140736,4095,4097
1141760,3986,4206
1142784,4116,4076
1143808,4063,4129
1144832,4100,4092
1145856,4146,4046
1146880,4028,4164
1147904,4121,4071
1148928,4055,4137
1149952,4121,4071
1150976,4097,4095
1152000,4031,4161
1153024,4102,4090
1154048,4111,4081
1155072,4147,4045
1156096,4042,4150
1157120,4094,4098
1158144,3915,4277
1159168,3880,4312
1160192,4054,4138
1161216,4056,4136
1162240,4209,3983
1163264,4140,4052
1164288,4148,4044
1165312,4072,4120
1166336,4105,4087
1167360,4067,4125
1168384,3944,4248
1169408,4124,4068
1170432,4036,4156
1171456,4155,4037
1172480,4122,4070
1173504,4070,4122
1174528,4181,4011
1175552,4090,4102
1176576,4052,4140
1177600,3845,4347
1178624,3846,4346
1179648,4059,4133
1180672,4094,4098
1181696,4071,4121
1182720,4131,4061
1183744,4138,4054
1184768,4172,4020
1185792,4062,4130
1186816,4058,4134
1187840,4171,4021
1188864,4085,4107
1189888,4079,4113
1190912,4085,4107
1191936,4087,4105
1192960,4113,4079
1193984,4130,4062
1195008,3978,4214
1196032,4037,4155
1197056,4073,4119
1198080,4084,4108
1199104,4021,4171
1200128,4085,4107
1201152,4037,4155
1202176,4073,4119
1203200,4074,4118
1204224,4058,4134
1205248,4114,4078
1206272,4091,4101
1207296,4130,4062
1208320,4026,4166
1209344,4086,4106
1210368,4137,4055
1211392,4039,4153
1212416,3872,4320
1213440,3841,4351
1214464,4161,4031
1215488,4047,4145
1216512,4047,4145
1217536,4085,4107
1218560,4096,4096
1219584,4059,4133
1220608,4108,4084
1221632,4079,4113
1222656,4038,4154
1223680,4065,4127
1224704,4166,4026
1225728,4003,4189
1226752,4128,4064
1227776,4117,4075
1228800,4115,4077
1229824,4046,4146
1230848,3801,4391
1231872,7933,259
1232896,6636,1556
1233920,6152,2040
1234944,8192,0
1235968,8192,0
1236992,8192,0
1238016,8192,0
1239040,8192,0
1240064,8192,0
1241088,8192,0
1242112,8192,0
1243136,8192,0
1244160,4819,3373
1245184,7435,757
1246208,8192,0
1247232,8192,0
1248256,8192,0
1249280,8192,0
1250304,8192,0
1251328,8192,0
1252352,8192,0
1253376,8192,0
1254400,8192,0
1255424,5108,3084
1256448,4156,4036
1257472,4118,4074
1258496,4158,4034
1259520,4139,4053
1260544,4155,4037
1261568,4132,4060
1262592,4019,4173
1263616,4077,4115
1264640,4051,4141
1265664,3988,4204
1266688,4026,4166
1267712,4070,4122
1268736,4114,4078
1269760,4020,4172
1270784,4089,4103
1271808,4078,4114
1272832,4104,4088
1273856,4081,4111
1274880,4179,4013
1275904,4115,4077
1276928,4101,4091
1277952,4101,4091
1278976,4100,4092
1280000,4006,4186
1281024,3891,4301
1282048,4309,3883
1283072,8192,0
1284096,8192,0
1285120,8192,0
1286144,8192,0
1287168,8192,0
1288192,7839,353
1289216,3930,4262
1290240,4051,4141
1291264,4138,4054
1292288,4006,4186
1293312,4027,4165
1294336,4133,4059
1295360,4110,4082
1296384,4134,4058
1297408,4056,4136
1298432,4060,4132
1299456,4074,4118
1300480,4126,4066
1301504,4102,4090
1302528,3939,4253
1303552,3822,4370
1304576,7554,638
1305600,8192,0
1306624,8192,0
1307648,8192,0
1308672,8192,0
1309696,8192,0
1310720,6225,1967
1311744,4079,4113
1312768,4039,4153
1313792,4120,4072
1314816,4152,4040
1315840,4048,4144
1316864,4100,4092
1317888,4127,4065
1318912,4105,4087
1319936,4162,4030
1320960,4117,4075
1321984,4013,4179
1323008,4135,4057
1324032,4117,4075
1325056,4082,4110
1326080,4081,4111
1327104,4061,4131
1328128,4007,4185
1329152,4030,4162
1330176,4042,4150
1331200,4051,4141
1332224,4127,4065
1333248,4069,4123
1334272,4119,4073
1335296,4122,4070
1336320,4149,4043
1337344,4109,4083
1338368,4130,4062
1339392,4090,4102
1340416,4105,4087
1341440,4123,4069
1342464,4095,4097
1343488,3915,4277
1344512,3887,4305
1345536,3965,4227
1346560,4060,4132
1347584,4113,4079
1348608,4085,4107
1349632,4074,4118
1350656,4054,4138
1351680,4180,4012
1352704,4072,4120
1353728,4112,4080
1354752,4184,4008
1355776,4118,4074
1356800,4179,4013
1357824,4133,4059
1358848,4063,4129
1359872,4011,4181
1360896,4000,4192
1361920,3929,4263
1362944,5038,3154
1363968,8192,0
1364992,8192,0
1366016,7532,660
1367040,5308,2884
1368064,8192,0
1369088,8192,0
1370112,8192,0
1371136,8192,0
1372160,8192,0
1373184,8192,0
1374208,8192,0
1375232,8192,0
1376256,8192,0
1377280,5733,2459
1378304,6529,1663
1379328,8192,0
1380352,8192,0
1381376,8192,0
1382400,8192,0
1383424,8192,0
1384448,8192,0
1385472,8192,0
1386496,8192,0
1387520,8192,0
1388544,6146,2046
1389568,3985,4207
1390592,4004,4188
1391616,4153,4039
1392640,4044,4148
1393664,4042,4150
1394688,4064,4128
1395712,4019,4173
1396736,4158,4034
1397760,4159,4033
1398784,4025,4167
1399808,4093,4099
1400832,4009,4183
1401856,4078,4114
1402880,4044,4148
1403904,4112,4080
1404928,4023,4169
1405952,4111,4081
1406976,4112,4080
1408000,4093,4099
1409024,4084,4108
1410048,4076,4116
1411072,4108,4084
1412096,4084,4108
1413120,4056,4136
1414144,4085,4107
1415168,4101,4091
1416192,4050,4142
1417216,4062,4130
1418240,4130,4062
1419264,3884,4308
1420288,6760,1432
1421312,7057,1135
1422336,4015,4177
1423360,4112,4080
1424384,4056,4136
1425408,4087,4105
1426432,4002,4190
1427456,4051,4141
1428480,4148,4044
1429504,4120,4072
1430528,4041,4151
1431552,4080,4112
1432576,4059,4133
1433600,4142,4050
1434624,4130,4062
1435648,4028,4164
1436672,3935,4257
1437696,5115,3077
1438720,8192,0
1439744,8192,0
1440768,8192,0
1441792,8192,0
1442816,8192,0
1443840,7198,994
1444864,4169,4023
1445888,4132,4060
1446912,4045,4147
1447936,4108,4084
1448960,4127,4065
1449984,4124,4068
1451008,4080,4112
1452032,3991,4201
1453056,4006,4186
1454080,3993,4199
1455104,4108,4084
1456128,4121,4071
1457152,4085,4107
1458176,4103,4089
1459200,4096,4096
1460224,3948,4244
1461248,4145,4047
1462272,4129,4063
1463296,4057,4135
1464320,4067,4125
1465344,4121,4071
1466368,4055,4137
1467392,4125,4067
1468416,4132,4060
1469440,4150,4042
1470464,4127,4065
1471488,4154,4038
1472512,4128,4064
1473536,4058,4134
1474560,4130,4062
1475584,4153,4039
1476608,4107,4085
1477632,3817,4375
1478656,3944,4248
1479680,4069,4123
1480704,4158,4034
1481728,4218,3974
1482752,4123,4069
1483776,4093,4099
1484800,4085,4107
1485824,4096,4096
1486848,4100,4092
1487872,4111,4081
1488896,4079,4113
1489920,4084,4108
1490944,4033,4159
1491968,3882,4310
1492992,5496,2696
1494016,8192,0
1495040,8192,0
1496064,8192,0
1497088,8192,0
1498112,8192,0
1499136,6813,1379
1500160,4395,3797
1501184,8192,0
1502208,8192,0
1503232,8192,0
1504256,8192,0
1505280,8192,0
1506304,8192,0
1507328,8192,0
1508352,8192,0
1509376,8192,0
1510400,6642,1550
1511424,5724,2468
1512448,8192,0
1513472,8192,0
1514496,8192,0
1515520,8192,0
1516544,8192,0
1517568,8192,0
1518592,8192,0
1519616,8192,0
1520640,8192,0
1521664,6903,1289
1522688,4040,4152
1523712,4076,4116
1524736,4028,4164
1525760,4026,4166
1526784,4108,4084
1527808,4078,4114
1528832,4040,4152
1529856,4029,4163
1530880,4067,4125
1531904,4060,4132
1532928,4011,4181
1533952,4093,4099
1534976,4095,4097
1536000,4162,4030
1537024,4141,4051
1538048,4169,4023
1539072,4030,4162
1540096,4093,4099
1541120,4064,4128
1542144,4086,4106
1543168,4146,4046
1544192,4099,4093
1545216,4144,4048
1546240,4046,4146
1547264,4147,4045
1548288,4024,4168
1549312,4113,4079
1550336,4018,4174
1551360,4016,4176
1552384,4090,4102
1553408,4055,4137
1554432,4121,4071
1555456,3884,4308
1556480,3794,4398
1557504,3948,4244
1558528,4066,4126
1559552,4066,4126
1560576,3986,4206
1561600,4072,4120
1562624,4035,4157
1563648,4152,4040
1564672,4101,4091
1565696,4169,4023
1566720,4085,4107
1567744,4128,4064
1568768,4151,4041
1569792,4035,4157
1570816,3937,4255
1571840,4505,3687
1572864,8192,0
1573888,8192,0
1574912,8192,0
1575936,8192,0
1576960,6218,1974
1577984,4000,4192
1579008,4115,4077
1580032,4026,4166
1581056,4049,4143
1582080,4214,3978
1583104,4127,4065
1584128,4101,4091
1585152,4025,4167
1586176,4184,4008
1587200,4098,4094
1588224,4123,4069
1589248,4148,4044
1590272,4075,4117
1591296,4054,4138
1592320,4062,4130
1593344,4036,4156
1594368,4156,4036
1595392,4069,4123
1596416,4167,4025
1597440,4205,3987
1598464,4062,4130
1599488,4103,4089
1600512,4073,4119
1601536,4114,4078
1602560,4113,4079
1603584,4062,4130
1604608,3980,4212
1605632,4765,3427
1606656,8192,0
1607680,8192,0
1608704,8192,0
1609728,8192,0
1610752,4849,3343
1611776,6103,2089
1612800,8192,0
1613824,8192,0
1614848,8192,0
1615872,8192,0
1616896,8192,0
1617920,8192,0
1618944,8192,0
1619968,8192,0
1620992,8192,0
1622016,5030,3162
1623040,4110,4082
1624064,4083,4109
1625088,4067,4125
1626112,4086,4106
1627136,4104,4088
1628160,4114,4078
1629184,4071,4121
1630208,4109,4083
1631232,4098,4094
1632256,3990,4202
1633280,4040,4152
1634304,4025,4167
1635328,4087,4105
1636352,4128,4064
1637376,4104,4088
1638400,4084,4108
1639424,4103,4089
1640448,4041,4151
1641472,6561,1631
1642496,8192,0
1643520,7778,414
1644544,6701,1491
1645568,8192,0
1646592,8192,0
1647616,8192,0
1648640,8192,0
1649664,8192,0
1650688,8192,0
1651712,8192,0
1652736,8192,0
1653760,8192,0
1654784,5996,2196
1655808,4111,4081
1656832,3987,4205
1657856,4151,4041
1658880,4076,4116
1659904,4080,4112
1660928,4005,4187
1661952,4065,4127
1662976,4077,4115
1664000,4023,4169
1665024,4074,4118
1666048,4102,4090
1667072,4064,4128
1668096,4065,4127
1669120,4041,4151
1670144,4162,4030
1671168,4103,4089
1672192,3998,4194
1673216,4174,4018
1674240,4092,4100
1675264,4037,4155
1676288,4038,4154
1677312,4110,4082
1678336,4028,4164
1679360,4119,4073
1680384,4064,4128
1681408,4179,4013
1682432,4130,4062
1683456,4207,3985
1684480,4083,4109
1685504,4127,4065
1686528,4114,4078
1687552,3934,4258
1688576,3829,4363
1689600,4088,4104
1690624,4129,4063
1691648,4116,4076
1692672,4065,4127
1693696,4121,4071
1694720,4018,4174
1695744,3987,4205
1696768,5572,2620
1697792,8192,0
1698816,8192,0
1699840,4664,3528
1700864,4403,3789
1701888,8192,0
1702912,8192,0
1703936,8192,0
1704960,8192,0
1705984,8192,0
1707008,8192,0
1708032,8192,0
1709056,8192,0
1710080,7281,911
1711104,3818,4374
1712128,4091,4101
1713152,4090,4102
1714176,4055,4137
1715200,4056,4136
1716224,4087,4105
1717248,4108,4084
1718272,6805,1387
1719296,8192,0
1720320,8192,0
1721344,7263,929
1722368,4107,4085
1723392,4035,4157
1724416,4083,4109
1725440,4086,4106
1726464,4129,4063
1727488,4077,4115
1728512,4056,4136
1729536,4141,4051
1730560,4133,4059
1731584,4083,4109
1732608,4183,4009
1733632,4066,4126
1734656,3830,4362
1735680,6301,1891
1736704,8192,0
1737728,8192,0
1738752,8192,0
1739776,8192,0
1740800,8192,0
1741824,8192,0
1742848,8192,0
1743872,5808,2384
1744896,4161,4031
1745920,4134,4058
1746944,4091,4101
1747968,4061,4131
1748992,4081,4111
1750016,4054,4138
1751040,4178,4014
1752064,4072,4120
1753088,4057,4135
1754112,4086,4106
1755136,4059,4133
1756160,4147,4045
1757184,4177,4015
1758208,4036,4156
1759232,3808,4384
1760256,7643,549
1761280,8192,0
1762304,8192,0
1763328,8192,0
1764352,8192,0
1765376,8192,0
1766400,4475,3717
1767424,8192,0
1768448,8192,0
1769472,8192,0
1770496,8192,0
1771520,8192,0
1772544,8192,0
1773568,8192,0
1774592,8192,0
1775616,8192,0
1776640,6853,1339
1777664,5623,2569
1778688,8192,0
1779712,8192,0
1780736,8192,0
1781760,8192,0
1782784,8192,0
1783808,8192,0
1784832,8192,0
1785856,8192,0
1786880,8192,0
1787904,6926,1266
1788928,4107,4085
1789952,4108,4084
1790976,4025,4167
1792000,3964,4228
1793024,3950,4242
1794048,4019,4173
1795072,3996,4196
1796096,4067,4125
1797120,5175,3017
1798144,8192,0
1799168,7006,1186
1800192,3962,4230
1801216,4052,4140
1802240,4094,4098
1803264,4107,4085
1804288,4118,4074
1805312,4151,4041
1806336,4093,4099
1807360,4101,4091
1808384,4042,4150
1809408,4086,4106
1810432,4041,4151
1811456,3919,4273
1812480,5011,3181
1813504,8192,0
1814528,8192,0
1815552,8192,0
1816576,8192,0
1817600,8192,0
1818624,8192,0
1819648,8192,0
1820672,8192,0
1821696,4783,1817
